{
  "XPIncrementTime": 8,
  "HandleRoles": true,
  "VCMinUsers": 1,
  "DisabledVCs": [
    0
  ],
  "VCMinXPGiven": 5,
  "VCMaxXPGiven": 10,
  "VoiceTextChannel": 792657870692286464,
  "VoiceSendLevelUpMessage": false,
  "VoiceCountMutedMembers": true,
  "CustomImageDumpsGuild": 613441321751019550,
  "CustomImageDumpsChannel": 792661500182790174,
  "CustomImageSizeLimit": 4000000,
  "CustomImageMinimumLevel": 14,
  "Levels": {
    "1": 815091090117885974,
    "7": 815091151278702633,
    "20": 871729807090655232,
    "30": 886354632367034419
  },
  "MemberRoleID": 865317047008100402,
  "MemberRoleLevel": 1,
  "DisabledTCs": [
    792657895014793246
  ],
  "ManageTextXP": true,
  "TextMinXPGiven": 15,
  "TextMaxXPGiven": 25,
  "TextSendLevelUpMessage": true,
  "DexterXPCoefficients": [ 0, 75.8333333334, 22.5, 1.6666666667 ],
  "LevelMergeMode": 2,
  "MergeFactor": 1,
  "MaxLeaderboardItems": 5000,
  "Mee6SyncGuildId": 336243033416794118,
  "NicknameDisabledRole": 870011785950924810,
  "NicknameDisabledReplacement": 815091090117885974,
  "LevelUpMessage": "OwO What's this? {MENTION} just advanced to **{TYPE} level {LVL}**!!! YAY!!!"
}